USE LYNK_TO;

INSERT INTO SUBJECTS (Subject_Name, Subject_Code,prof_name) VALUES
('Industrial Lecture', 'ECIR19' ,'Dr S.S Kartikeyan, Dr B Chandrababu Naik'),
('Wireless Communication', 'ECPC22','Dr P Muthu Chidambara Nathan'),
('VLSI Systems', 'ECPC23','Dr B Chandrababu Naik'),
('Microwave Electronics', 'ECPC24','Dr Parthasarthy R'),
('Communication Engineering Laboratory', 'ECLR16','Dr V Sudha'),
('Microwave & Fiber Optic Laboratory', 'ECLR17','Dr Hemant Kumar'),
('Professional Ethics(Circuit)', 'HSIR14','Dept HOD'),
('Electromagnetic Interference and Compatibility','ECPE42','Dr S S Kartikeyan'),
('Embedded Systems','ECPE14','Dr B Naresh Kumar Reddy'),
('Fiber Optic Communication','ECPE31','Dr G Thavasi Raja'),
('Digital Signal Processing for Wireless Communication','ECPE32','Dr E S Gopi');

INSERT INTO users (user_id, user_name)
VALUES
(108121001, 'A ARVIND'),
(108121002, 'AASHITA SHYAM'),
(108121003, 'ABINAYA.U'),
(108121004, 'ADITHYA PRADEEP'),
(108121005, 'ADITYA DAS'),
(108121006, 'ADITYA KUSHAGRA'),
(108121007, 'ADVAIT RAJAGOPALAN'),
(108121008, 'AFEEF AHMED MOHAMED ABDULLA'),
(108121009, 'AISHWARYA SINGH'),
(108121010, 'AKANKSH MUVVA'),
(108121011, 'AKASH S'),
(108121012, 'AKSHIT KUMAR SHANDILYA'),
(108121013, 'ALFAZ ASIF KHERANI'),
(108121014, 'AMBREESH JAISWAL'),
(108121015, 'A NACHIAPPAN'),
(108121016, 'ANDHAVARAPU SAI MANIKANTHA'),
(108121017, 'ANIKET KUSHWAHA'),
(108121018, 'ANIKET TIWARI'),
(108121019, 'ANJANA S'),
(108121020, 'ANKIT RAJ'),
(108121021, 'ANKUR SINGH'),
(108121022, 'ANSHUMAN DHAR'),
(108121023, 'ARUN KARTHIKEYAN V'),
(108121024, 'ATIF REHMAN'),
(108121025, 'BANDERPALLY SAI NEHA'),
(108121026, 'BARATH K R'),
(108121027, 'BHANU PRATYUSH MANTHA'),
(108121028, 'BHARATH KAMALAKANNAN'),
(108121029, 'BHAVAR UMANG RAJESH'),
(108121030, 'BHUPATHIRAJU KRISHNA PRANATHI'),
(108121031, 'B VISHVA'),
(108121032, 'DAYANA TEJA CHANDRA KUMAR'),
(108121033, 'DEEPIKAA POOBALARAJA'),
(108121034, 'DERLLINRAJ N'),
(108121035, 'DEVIREDDY RISHISWARA REDDY'),
(108121036, 'GAURAV KUMAR MAHTO'),
(108121037, 'GAYATHRI K'),
(108121038, 'GHAJESHWAR KARTHICKEYAN'),
(108121039, 'GOKUL SATHYAN'),
(108121040, 'GONDALA SHIVATEJA'),
(108121041, 'G R JESHNU SKANDAN'),
(108121042, 'GUNTI NIKHIL'),
(108121043, 'G V S S KRISHNA MOWLI'),
(108121044, 'HARIKRISHNA S'),
(108121045, 'HARINI MANIKUMAR'),
(108121046, 'HEMANTH S'),
(108121047, 'HEMESHWARAN.V'),
(108121048, 'IPPILI TASWIN'),
(108121049, 'JAGRAJ BASUMATARY'),
(108121050, 'JAKKAPALLI SAI CHARAN'),
(108121051, 'JANAKIRAMAN S'),
(108121052, 'JANARDHANAN G'),
(108121053, 'JAWAHAR GOUD'),
(108121054, 'JAYABHARATHI R'),
(108121055, 'JAYADEV KRISHNAN'),
(108121056, 'JAYANTH KUMAR'),
(108121057, 'JENO MARRIA JOY'),
(108121058, 'JESWIN PAUL'),
(108121059, 'JETTI VENKATA SAI KRISHNA'),
(108121060, 'JOBIN BABY'),
(108121061, 'JOEL JOSE'),
(108121062, 'JOEL SHENOY'),
(108121063, 'JOHN EDWIN RAJ'),
(108121064, 'JOICY GEORGE'),
(108121065, 'JOSE KUTTY GEORGE'),
(108121066, 'JYOTHIRMAI P'),
(108121067, 'KABALI VISWANATHAN'),
(108121068, 'KAILASH CHAND'),
(108121069, 'KALAIARASI E'),
(108121070, 'KAMALAKANNAN S'),
(108121071, 'KANISHK AGRAWAL'),
(108121072, 'KARTHIK NARAYANAN'),
(108121073, 'KARTHIKEYAN S'),
(108121074, 'KARTHIKESHWAR M'),
(108121075, 'KATARI VENKATA SAI KUMAR'),
(108121076, 'KAVITHA R'),
(108121077, 'KEERTHANA K'),
(108121078, 'KEERTHI VIMAL'),
(108121079, 'KESHAV GUPTA'),
(108121080, 'KHUSHBOO SHARMA'),
(108121081, 'KIRAN KUMAR R'),
(108121082, 'KIRUTHIKAA S'),
(108121083, 'KISHORE KUMAR MEENA'),
(108121084, 'KOUSHIK K R'),
(108121085, 'KRISHNA CHAITANYA G'),
(108121086, 'KRISHNA DEEPSHIKAA'),
(108121087, 'KRISHNA SAI TEJA'),
(108121088, 'KRISHNAKUMAR G'),
(108121089, 'KRISHNAMOORTHY S'),
(108121090, 'KUMARAGURU M'),
(108121091, 'KUMARAVEL S'),
(108121092, 'KUMARAVELAN M'),
(108121093, 'KUNAL DESHPANDE'),
(108121094, 'KUNDAN KUMAR'),
(108121095, 'LAVANYA M'),
(108121096, 'LAVANYA S'),
(108121097, 'LEKSHMI G'),
(108121098, 'LINGESHWARAN M'),
(108121099, 'LOHITHASH REDDY'),
(108121100, 'MADHAN KUMAR S'),
(108121101, 'MADHUMITHA S'),
(108121102, 'MADHUSUDHANAN S'),
(108121103, 'MAHESH N'),
(108121104, 'MAHESHWARI AMIT'),
(108121105, 'MAHESHWARI SHWETA'),
(108121106, 'MAHESHWARI YASH'),
(108121107, 'MAITREYI P'),
(108121108, 'MAK THEIN TUN'),
(108121109, 'MAMTHA G'),
(108121110, 'MANASA N'),
(108121111, 'MANICKA VASAN S'),
(108121112, 'MANIKANDAN S'),
(108121113, 'MANIKUTTY V'),
(108121114, 'MANIKANTA CHOWDARY K'),
(108121115, 'MANIKUMAR S'),
(108121116, 'MANIMEGALAI S'),
(108121117, 'MANISHA DEVI'),
(108121118, 'MANISH KUMAR'),
(108121119, 'MANOJ KUMAR'),
(108121120, 'MANOJ S'),
(108121121, 'MARIYA JAISON'),
(108121122, 'MARKANDAN M'),
(108121123, 'MARUTHU PANDI S'),
(108121124, 'MARY SANTHIYA JECINTA'),
(108121125, 'MATHAN KUMAR S'),
(108121126, 'MATHEW VARGHESE'),
(108121127, 'MATHEW VARGHESE K'),
(108121128, 'MATHEW VARGHESE P'),
(108121129, 'MATTIA GIASON'),
(108121130, 'MAYANK JAIN'),
(108121131, 'MEGHA S'),
(108121132, 'MERLIN JOSE'),
(108121133, 'MIBIN VARGHESE'),
(108121134, 'MIDHIL KUMAR'),
(108121135, 'M NIKHIL'),
(108121136, 'MOHAN KUMAR R'),
(108121137, 'MOHANARAJ M'),
(108121138, 'MOHANRAJ R'),
(108121139, 'MONIKA DEVI'),
(108121140, 'MOORTHY K V'),
(108121141, 'MURUGAN S'),
(108121142, 'YUKESH SUDHARSAN S'),
(108121143, 'ZOYA CHAND SYED'),
(108121144, 'NILAVAZHAGAN K');

INSERT INTO registrations (user_id, subject_id)
VALUES
  (108121001, 'ECIR19'),
  (108121002, 'ECIR19'),
  (108121003, 'ECIR19'),
  (108121004, 'ECIR19'),
  (108121005, 'ECIR19'),
  (108121006, 'ECIR19'),
  (108121007, 'ECIR19'),
  (108121008, 'ECIR19'),
  (108121009, 'ECIR19'),
  (108121010, 'ECIR19'),
  (108121011, 'ECIR19'),
  (108121012, 'ECIR19'),
  (108121013, 'ECIR19'),
  (108121014, 'ECIR19'),
  (108121015, 'ECIR19'),
  (108121016, 'ECIR19'),
  (108121017, 'ECIR19'),
  (108121018, 'ECIR19'),
  (108121019, 'ECIR19'),
  (108121020, 'ECIR19'),
  (108121021, 'ECIR19'),
  (108121022, 'ECIR19'),
  (108121023, 'ECIR19'),
  (108121024, 'ECIR19'),
  (108121025, 'ECIR19'),
  (108121026, 'ECIR19'),
  (108121027, 'ECIR19'),
  (108121028, 'ECIR19'),
  (108121029, 'ECIR19'),
  (108121030, 'ECIR19'),
  (108121031, 'ECIR19'),
  (108121032, 'ECIR19'),
  (108121033, 'ECIR19'),
  (108121034, 'ECIR19'),
  (108121035, 'ECIR19'),
  (108121036, 'ECIR19'),
  (108121037, 'ECIR19'),
  (108121038, 'ECIR19'),
  (108121039, 'ECIR19'),
  (108121040, 'ECIR19'),
  (108121041, 'ECIR19'),
  (108121042, 'ECIR19'),
  (108121043, 'ECIR19'),
  (108121044, 'ECIR19'),
  (108121045, 'ECIR19'),
  (108121046, 'ECIR19'),
  (108121047, 'ECIR19'),
  (108121048, 'ECIR19'),
  (108121049, 'ECIR19'),
  (108121050, 'ECIR19'),
  (108121051, 'ECIR19'),
  (108121052, 'ECIR19'),
  (108121053, 'ECIR19'),
  (108121054, 'ECIR19'),
  (108121055, 'ECIR19'),
  (108121056, 'ECIR19'),
  (108121057, 'ECIR19'),
  (108121058, 'ECIR19'),
  (108121059, 'ECIR19'),
  (108121060, 'ECIR19'),
  (108121061, 'ECIR19'),
  (108121062, 'ECIR19'),
  (108121063, 'ECIR19'),
  (108121064, 'ECIR19'),
  (108121065, 'ECIR19'),
  (108121066, 'ECIR19'),
  (108121067, 'ECIR19'),
  (108121068, 'ECIR19'),
  (108121069, 'ECIR19'),
  (108121070, 'ECIR19'),
  (108121071, 'ECIR19'),
  (108121072, 'ECIR19'),
  (108121073, 'ECIR19'),
  (108121074, 'ECIR19'),
  (108121075, 'ECIR19'),
  (108121076, 'ECIR19'),
  (108121077, 'ECIR19'),
  (108121078, 'ECIR19'),
  (108121079, 'ECIR19'),
  (108121080, 'ECIR19'),
  (108121081, 'ECIR19'),
  (108121082, 'ECIR19'),
  (108121083, 'ECIR19'),
  (108121084, 'ECIR19'),
  (108121085, 'ECIR19'),
  (108121086, 'ECIR19'),
  (108121087, 'ECIR19'),
  (108121088, 'ECIR19'),
  (108121089, 'ECIR19'),
  (108121090, 'ECIR19'),
  (108121091, 'ECIR19'),
  (108121092, 'ECIR19'),
  (108121093, 'ECIR19'),
  (108121094, 'ECIR19'),
  (108121095, 'ECIR19'),
  (108121096, 'ECIR19'),
  (108121097, 'ECIR19'),
  (108121098, 'ECIR19'),
  (108121099, 'ECIR19'),
  (108121100, 'ECIR19'),
  (108121101, 'ECIR19'),
  (108121102, 'ECIR19'),
  (108121103, 'ECIR19'),
  (108121104, 'ECIR19'),
  (108121105, 'ECIR19'),
  (108121106, 'ECIR19'),
  (108121107, 'ECIR19'),
  (108121108, 'ECIR19'),
  (108121109, 'ECIR19'),
  (108121110, 'ECIR19'),
  (108121111, 'ECIR19'),
  (108121112, 'ECIR19'),
  (108121113, 'ECIR19'),
  (108121114, 'ECIR19'),
  (108121115, 'ECIR19'),
  (108121116, 'ECIR19'),
  (108121117, 'ECIR19'),
  (108121118, 'ECIR19'),
  (108121119, 'ECIR19'),
  (108121120, 'ECIR19'),
  (108121121, 'ECIR19'),
  (108121122, 'ECIR19'),
  (108121123, 'ECIR19'),
  (108121124, 'ECIR19'),
  (108121125, 'ECIR19'),
  (108121126, 'ECIR19'),
  (108121127, 'ECIR19'),
  (108121128, 'ECIR19'),
  (108121129, 'ECIR19'),
  (108121130, 'ECIR19'),
  (108121131, 'ECIR19'),
  (108121132, 'ECIR19'),
  (108121134, 'ECIR19'),
  (108121135, 'ECIR19'),
  (108121136, 'ECIR19'),
  (108121137, 'ECIR19'),
  (108121138, 'ECIR19'),
  (108121140, 'ECIR19'),
  (108121141, 'ECIR19'),
  (108121142, 'ECIR19'),
  (108121143, 'ECIR19'),
  (108121001, 'ECPC22'),
(108121002, 'ECPC22'),
(108121003, 'ECPC22'),
(108121124, 'ECPC22'),
(108121125, 'ECPC22'),
(108121126, 'ECPC22'),
(108121127, 'ECPC22'),
(108121128, 'ECPC22'),
(108121129, 'ECPC22'),
(108121130, 'ECPC22'),
(108121131, 'ECPC22'),
(108121132, 'ECPC22'),
(108121133, 'ECPC22'),
(108121134, 'ECPC22'),
(108121135, 'ECPC22'),
(108121136, 'ECPC22'),
(108121137, 'ECPC22'),
(108121138, 'ECPC22'),
(108121139, 'ECPC22'),
(108121140, 'ECPC22'),
(108121141, 'ECPC22'),
(108121142, 'ECPC22'),
(108121143, 'ECPC22'),
(108121144, 'ECPC22'),
(108121004, 'ECPC22'),
(108121005, 'ECPC22'),
(108121006, 'ECPC22'),
(108121007, 'ECPC22'),
(108121008, 'ECPC22'),
(108121009, 'ECPC22'),
(108121010, 'ECPC22'),
(108121011, 'ECPC22'),
(108121012, 'ECPC22'),
(108121013, 'ECPC22'),
(108121014, 'ECPC22'),
(108121015, 'ECPC22'),
(108121016, 'ECPC22'),
(108121017, 'ECPC22'),
(108121018, 'ECPC22'),
(108121019, 'ECPC22'),
(108121020, 'ECPC22'),
(108121021, 'ECPC22'),
(108121022, 'ECPC22'),
(108121023, 'ECPC22'),
(108121024, 'ECPC22'),
(108121025, 'ECPC22'),
(108121026, 'ECPC22'),
(108121027, 'ECPC22'),
(108121028, 'ECPC22'),
(108121029, 'ECPC22'),
(108121030, 'ECPC22'),
(108121031, 'ECPC22'),
(108121032, 'ECPC22'),
(108121033, 'ECPC22'),
(108121034, 'ECPC22'),
(108121035, 'ECPC22'),
(108121036, 'ECPC22'),
(108121037, 'ECPC22'),
(108121038, 'ECPC22'),
(108121039, 'ECPC22'),
(108121040, 'ECPC22'),
(108121041, 'ECPC22'),
(108121042, 'ECPC22'),
(108121043, 'ECPC22'),
(108121044, 'ECPC22'),
(108121045, 'ECPC22'),
(108121046, 'ECPC22'),
(108121047, 'ECPC22'),
(108121048, 'ECPC22'),
(108121049, 'ECPC22'),
(108121050, 'ECPC22'),
(108121051, 'ECPC22'),
(108121052, 'ECPC22'),
(108121053, 'ECPC22'),
(108121054, 'ECPC22'),
(108121055, 'ECPC22'),
(108121056, 'ECPC22'),
(108121057, 'ECPC22'),
(108121058, 'ECPC22'),
(108121059, 'ECPC22'),
(108121060, 'ECPC22'),
(108121061, 'ECPC22'),
(108121062, 'ECPC22'),
(108121063, 'ECPC22'),
(108121064, 'ECPC22'),
(108121065, 'ECPC22'),
(108121066, 'ECPC22'),
(108121067, 'ECPC22'),
(108121068, 'ECPC22'),
(108121069, 'ECPC22'),
(108121070, 'ECPC22'),
(108121071, 'ECPC22'),
(108121072, 'ECPC22'),
(108121073, 'ECPC22'),
(108121074, 'ECPC22'),
(108121075, 'ECPC22'),
(108121076, 'ECPC22'),
(108121077, 'ECPC22'),
(108121078, 'ECPC22'),
(108121079, 'ECPC22'),
(108121080, 'ECPC22'),
(108121081, 'ECPC22'),
(108121082, 'ECPC22'),
(108121083, 'ECPC22'),
(108121084, 'ECPC22'),
(108121085, 'ECPC22'),
(108121086, 'ECPC22'),
(108121087, 'ECPC22'),
(108121088, 'ECPC22'),
(108121089, 'ECPC22'),
(108121090, 'ECPC22'),
(108121091, 'ECPC22'),
(108121092, 'ECPC22'),
(108121093, 'ECPC22'),
(108121094, 'ECPC22'),
(108121095, 'ECPC22'),
(108121096, 'ECPC22'),
(108121097, 'ECPC22'),
(108121098, 'ECPC22'),
(108121099, 'ECPC22'),
(108121100, 'ECPC22'),
(108121101, 'ECPC22'),
(108121102, 'ECPC22'),
(108121103, 'ECPC22'),
(108121104, 'ECPC22'),
(108121105, 'ECPC22'),
(108121106, 'ECPC22'),
(108121107, 'ECPC22'),
(108121108, 'ECPC22'),
(108121109, 'ECPC22'),
(108121110, 'ECPC22'),
(108121111, 'ECPC22'),
(108121112, 'ECPC22'),
(108121113, 'ECPC22'),
(108121114, 'ECPC22'),
(108121115, 'ECPC22'),
(108121116, 'ECPC22'),
(108121117, 'ECPC22'),
(108121118, 'ECPC22'),
(108121119, 'ECPC22'),
(108121120, 'ECPC22'),
(108121121, 'ECPC22'),
(108121122, 'ECPC22'),
(108121123, 'ECPC22'),
(108121001, 'ECPC23'),
(108121002, 'ECPC23'),
(108121003, 'ECPC23'),
(108121124, 'ECPC23'),
(108121125, 'ECPC23'),
(108121126, 'ECPC23'),
(108121127, 'ECPC23'),
(108121128, 'ECPC23'),
(108121129, 'ECPC23'),
(108121130, 'ECPC23'),
(108121131, 'ECPC23'),
(108121132, 'ECPC23'),
(108121133, 'ECPC23'),
(108121134, 'ECPC23'),
(108121135, 'ECPC23'),
(108121136, 'ECPC23'),
(108121137, 'ECPC23'),
(108121138, 'ECPC23'),
(108121139, 'ECPC23'),
(108121140, 'ECPC23'),
(108121141, 'ECPC23'),
(108121142, 'ECPC23'),
(108121143, 'ECPC23'),
(108121004, 'ECPC23'),
(108121005, 'ECPC23'),
(108121006, 'ECPC23'),
(108121007, 'ECPC23'),
(108121008, 'ECPC23'),
(108121009, 'ECPC23'),
(108121010, 'ECPC23'),
(108121011, 'ECPC23'),
(108121012, 'ECPC23'),
(108121013, 'ECPC23'),
(108121014, 'ECPC23'),
(108121015, 'ECPC23'),
(108121016, 'ECPC23'),
(108121017, 'ECPC23'),
(108121018, 'ECPC23'),
(108121019, 'ECPC23'),
(108121020, 'ECPC23'),
(108121021, 'ECPC23'),
(108121022, 'ECPC23'),
(108121023, 'ECPC23'),
(108121024, 'ECPC23'),
(108121025, 'ECPC23'),
(108121026, 'ECPC23'),
(108121027, 'ECPC23'),
(108121028, 'ECPC23'),
(108121029, 'ECPC23'),
(108121030, 'ECPC23'),
(108121031, 'ECPC23'),
(108121032, 'ECPC23'),
(108121033, 'ECPC23'),
(108121034, 'ECPC23'),
(108121035, 'ECPC23'),
(108121036, 'ECPC23'),
(108121037, 'ECPC23'),
(108121038, 'ECPC23'),
(108121039, 'ECPC23'),
(108121040, 'ECPC23'),
(108121041, 'ECPC23'),
(108121042, 'ECPC23'),
(108121043, 'ECPC23'),
(108121044, 'ECPC23'),
(108121045, 'ECPC23'),
(108121046, 'ECPC23'),
(108121047, 'ECPC23'),
(108121048, 'ECPC23'),
(108121049, 'ECPC23'),
(108121050, 'ECPC23'),
(108121051, 'ECPC23'),
(108121052, 'ECPC23'),
(108121053, 'ECPC23'),
(108121054, 'ECPC23'),
(108121055, 'ECPC23'),
(108121056, 'ECPC23'),
(108121057, 'ECPC23'),
(108121058, 'ECPC23'),
(108121059, 'ECPC23'),
(108121060, 'ECPC23'),
(108121061, 'ECPC23'),
(108121062, 'ECPC23'),
(108121063, 'ECPC23'),
(108121064, 'ECPC23'),
(108121065, 'ECPC23'),
(108121066, 'ECPC23'),
(108121067, 'ECPC23'),
(108121068, 'ECPC23'),
(108121069, 'ECPC23'),
(108121070, 'ECPC23'),
(108121071, 'ECPC23'),
(108121072, 'ECPC23'),
(108121073, 'ECPC23'),
(108121074, 'ECPC23'),
(108121075, 'ECPC23'),
(108121076, 'ECPC23'),
(108121077, 'ECPC23'),
(108121078, 'ECPC23'),
(108121079, 'ECPC23'),
(108121080, 'ECPC23'),
(108121081, 'ECPC23'),
(108121082, 'ECPC23'),
(108121083, 'ECPC23'),
(108121084, 'ECPC23'),
(108121085, 'ECPC23'),
(108121086, 'ECPC23'),
(108121087, 'ECPC23'),
(108121088, 'ECPC23'),
(108121089, 'ECPC23'),
(108121090, 'ECPC23'),
(108121091, 'ECPC23'),
(108121092, 'ECPC23'),
(108121093, 'ECPC23'),
(108121094, 'ECPC23'),
(108121095, 'ECPC23'),
(108121096, 'ECPC23'),
(108121097, 'ECPC23'),
(108121098, 'ECPC23'),
(108121099, 'ECPC23'),
(108121100, 'ECPC23'),
(108121101, 'ECPC23'),
(108121102, 'ECPC23'),
(108121103, 'ECPC23'),
(108121104, 'ECPC23'),
(108121105, 'ECPC23'),
(108121106, 'ECPC23'),
(108121107, 'ECPC23'),
(108121108, 'ECPC23'),
(108121109, 'ECPC23'),
(108121110, 'ECPC23'),
(108121111, 'ECPC23'),
(108121112, 'ECPC23'),
(108121113, 'ECPC23'),
(108121114, 'ECPC23'),
(108121115, 'ECPC23'),
(108121116, 'ECPC23'),
(108121117, 'ECPC23'),
(108121118, 'ECPC23'),
(108121119, 'ECPC23'),
(108121120, 'ECPC23'),
(108121121, 'ECPC23'),
(108121122, 'ECPC23'),
(108121123, 'ECPC23'),
(108121001, 'ECPC24'),
(108121002, 'ECPC24'),
(108121003, 'ECPC24'),
(108121124, 'ECPC24'),
(108121125, 'ECPC24'),
(108121126, 'ECPC24'),
(108121127, 'ECPC24'),
(108121128, 'ECPC24'),
(108121129, 'ECPC24'),
(108121130, 'ECPC24'),
(108121131, 'ECPC24'),
(108121132, 'ECPC24'),
(108121133, 'ECPC24'),
(108121134, 'ECPC24'),
(108121135, 'ECPC24'),
(108121136, 'ECPC24'),
(108121137, 'ECPC24'),
(108121138, 'ECPC24'),
(108121139, 'ECPC24'),
(108121140, 'ECPC24'),
(108121141, 'ECPC24'),
(108121142, 'ECPC24'),
(108121143, 'ECPC24'),
(108121004, 'ECPC24'),
(108121005, 'ECPC24'),
(108121006, 'ECPC24'),
(108121007, 'ECPC24'),
(108121008, 'ECPC24'),
(108121009, 'ECPC24'),
(108121010, 'ECPC24'),
(108121011, 'ECPC24'),
(108121012, 'ECPC24'),
(108121013, 'ECPC24'),
(108121014, 'ECPC24'),
(108121015, 'ECPC24'),
(108121016, 'ECPC24'),
(108121017, 'ECPC24'),
(108121018, 'ECPC24'),
(108121019, 'ECPC24'),
(108121020, 'ECPC24'),
(108121021, 'ECPC24'),
(108121022, 'ECPC24'),
(108121023, 'ECPC24'),
(108121024, 'ECPC24'),
(108121025, 'ECPC24'),
(108121026, 'ECPC24'),
(108121027, 'ECPC24'),
(108121028, 'ECPC24'),
(108121029, 'ECPC24'),
(108121030, 'ECPC24'),
(108121031, 'ECPC24'),
(108121032, 'ECPC24'),
(108121033, 'ECPC24'),
(108121034, 'ECPC24'),
(108121035, 'ECPC24'),
(108121036, 'ECPC24'),
(108121037, 'ECPC24'),
(108121038, 'ECPC24'),
(108121039, 'ECPC24'),
(108121040, 'ECPC24'),
(108121041, 'ECPC24'),
(108121042, 'ECPC24'),
(108121043, 'ECPC24'),
(108121044, 'ECPC24'),
(108121045, 'ECPC24'),
(108121046, 'ECPC24'),
(108121047, 'ECPC24'),
(108121048, 'ECPC24'),
(108121049, 'ECPC24'),
(108121050, 'ECPC24'),
(108121051, 'ECPC24'),
(108121052, 'ECPC24'),
(108121053, 'ECPC24'),
(108121054, 'ECPC24'),
(108121055, 'ECPC24'),
(108121056, 'ECPC24'),
(108121057, 'ECPC24'),
(108121058, 'ECPC24'),
(108121059, 'ECPC24'),
(108121060, 'ECPC24'),
(108121061, 'ECPC24'),
(108121062, 'ECPC24'),
(108121063, 'ECPC24'),
(108121064, 'ECPC24'),
(108121065, 'ECPC24'),
(108121066, 'ECPC24'),
(108121067, 'ECPC24'),
(108121068, 'ECPC24'),
(108121069, 'ECPC24'),
(108121070, 'ECPC24'),
(108121071, 'ECPC24'),
(108121072, 'ECPC24'),
(108121073, 'ECPC24'),
(108121074, 'ECPC24'),
(108121075, 'ECPC24'),
(108121076, 'ECPC24'),
(108121077, 'ECPC24'),
(108121078, 'ECPC24'),
(108121079, 'ECPC24'),
(108121080, 'ECPC24'),
(108121081, 'ECPC24'),
(108121082, 'ECPC24'),
(108121083, 'ECPC24'),
(108121084, 'ECPC24'),
(108121085, 'ECPC24'),
(108121086, 'ECPC24'),
(108121087, 'ECPC24'),
(108121088, 'ECPC24'),
(108121089, 'ECPC24'),
(108121090, 'ECPC24'),
(108121091, 'ECPC24'),
(108121092, 'ECPC24'),
(108121093, 'ECPC24'),
(108121094, 'ECPC24'),
(108121095, 'ECPC24'),
(108121096, 'ECPC24'),
(108121097, 'ECPC24'),
(108121098, 'ECPC24'),
(108121099, 'ECPC24'),
(108121100, 'ECPC24'),
(108121101, 'ECPC24'),
(108121102, 'ECPC24'),
(108121103, 'ECPC24'),
(108121104, 'ECPC24'),
(108121105, 'ECPC24'),
(108121106, 'ECPC24'),
(108121107, 'ECPC24'),
(108121108, 'ECPC24'),
(108121109, 'ECPC24'),
(108121110, 'ECPC24'),
(108121111, 'ECPC24'),
(108121112, 'ECPC24'),
(108121113, 'ECPC24'),
(108121114, 'ECPC24'),
(108121115, 'ECPC24'),
(108121116, 'ECPC24'),
(108121117, 'ECPC24'),
(108121118, 'ECPC24'),
(108121119, 'ECPC24'),
(108121120, 'ECPC24'),
(108121121, 'ECPC24'),
(108121122, 'ECPC24'),
(108121123, 'ECPC24'),
(108121001, 'ECLR16'),
(108121002, 'ECLR16'),
(108121003, 'ECLR16'),
(108121124, 'ECLR16'),
(108121125, 'ECLR16'),
(108121126, 'ECLR16'),
(108121127, 'ECLR16'),
(108121128, 'ECLR16'),
(108121129, 'ECLR16'),
(108121130, 'ECLR16'),
(108121131, 'ECLR16'),
(108121132, 'ECLR16'),
(108121133, 'ECLR16'),
(108121134, 'ECLR16'),
(108121135, 'ECLR16'),
(108121136, 'ECLR16'),
(108121137, 'ECLR16'),
(108121138, 'ECLR16'),
(108121139, 'ECLR16'),
(108121140, 'ECLR16'),
(108121141, 'ECLR16'),
(108121142, 'ECLR16'),
(108121143, 'ECLR16'),
(108121004, 'ECLR16'),
(108121005, 'ECLR16'),
(108121006, 'ECLR16'),
(108121007, 'ECLR16'),
(108121008, 'ECLR16'),
(108121009, 'ECLR16'),
(108121010, 'ECLR16'),
(108121011, 'ECLR16'),
(108121012, 'ECLR16'),
(108121013, 'ECLR16'),
(108121014, 'ECLR16'),
(108121015, 'ECLR16'),
(108121016, 'ECLR16'),
(108121017, 'ECLR16'),
(108121018, 'ECLR16'),
(108121019, 'ECLR16'),
(108121020, 'ECLR16'),
(108121021, 'ECLR16'),
(108121022, 'ECLR16'),
(108121023, 'ECLR16'),
(108121024, 'ECLR16'),
(108121025, 'ECLR16'),
(108121026, 'ECLR16'),
(108121027, 'ECLR16'),
(108121028, 'ECLR16'),
(108121029, 'ECLR16'),
(108121030, 'ECLR16'),
(108121031, 'ECLR16'),
(108121032, 'ECLR16'),
(108121033, 'ECLR16'),
(108121034, 'ECLR16'),
(108121035, 'ECLR16'),
(108121036, 'ECLR16'),
(108121037, 'ECLR16'),
(108121038, 'ECLR16'),
(108121039, 'ECLR16'),
(108121040, 'ECLR16'),
(108121041, 'ECLR16'),
(108121042, 'ECLR16'),
(108121043, 'ECLR16'),
(108121044, 'ECLR16'),
(108121045, 'ECLR16'),
(108121046, 'ECLR16'),
(108121047, 'ECLR16'),
(108121048, 'ECLR16'),
(108121049, 'ECLR16'),
(108121050, 'ECLR16'),
(108121051, 'ECLR16'),
(108121052, 'ECLR16'),
(108121053, 'ECLR16'),
(108121054, 'ECLR16'),
(108121055, 'ECLR16'),
(108121056, 'ECLR16'),
(108121057, 'ECLR16'),
(108121058, 'ECLR16'),
(108121059, 'ECLR16'),
(108121060, 'ECLR16'),
(108121061, 'ECLR16'),
(108121062, 'ECLR16'),
(108121063, 'ECLR16'),
(108121064, 'ECLR16'),
(108121065, 'ECLR16'),
(108121066, 'ECLR16'),
(108121067, 'ECLR16'),
(108121068, 'ECLR16'),
(108121069, 'ECLR16'),
(108121070, 'ECLR16'),
(108121071, 'ECLR16'),
(108121072, 'ECLR16'),
(108121073, 'ECLR16'),
(108121074, 'ECLR16'),
(108121075, 'ECLR16'),
(108121076, 'ECLR16'),
(108121077, 'ECLR16'),
(108121078, 'ECLR16'),
(108121079, 'ECLR16'),
(108121080, 'ECLR16'),
(108121081, 'ECLR16'),
(108121082, 'ECLR16'),
(108121083, 'ECLR16'),
(108121084, 'ECLR16'),
(108121085, 'ECLR16'),
(108121086, 'ECLR16'),
(108121087, 'ECLR16'),
(108121088, 'ECLR16'),
(108121089, 'ECLR16'),
(108121090, 'ECLR16'),
(108121091, 'ECLR16'),
(108121092, 'ECLR16'),
(108121093, 'ECLR16'),
(108121094, 'ECLR16'),
(108121095, 'ECLR16'),
(108121096, 'ECLR16'),
(108121097, 'ECLR16'),
(108121098, 'ECLR16'),
(108121099, 'ECLR16'),
(108121100, 'ECLR16'),
(108121101, 'ECLR16'),
(108121102, 'ECLR16'),
(108121103, 'ECLR16'),
(108121104, 'ECLR16'),
(108121105, 'ECLR16'),
(108121106, 'ECLR16'),
(108121107, 'ECLR16'),
(108121108, 'ECLR16'),
(108121109, 'ECLR16'),
(108121110, 'ECLR16'),
(108121111, 'ECLR16'),
(108121112, 'ECLR16'),
(108121113, 'ECLR16'),
(108121114, 'ECLR16'),
(108121115, 'ECLR16'),
(108121116, 'ECLR16'),
(108121117, 'ECLR16'),
(108121118, 'ECLR16'),
(108121119, 'ECLR16'),
(108121120, 'ECLR16'),
(108121121, 'ECLR16'),
(108121122, 'ECLR16'),
(108121123, 'ECLR16'),
(108121144, 'ECLR16'),
(108121001, 'ECLR17'),
(108121002, 'ECLR17'),
(108121003, 'ECLR17'),
(108121124, 'ECLR17'),
(108121125, 'ECLR17'),
(108121126, 'ECLR17'),
(108121127, 'ECLR17'),
(108121128, 'ECLR17'),
(108121129, 'ECLR17'),
(108121130, 'ECLR17'),
(108121131, 'ECLR17'),
(108121132, 'ECLR17'),
(108121133, 'ECLR17'),
(108121134, 'ECLR17'),
(108121135, 'ECLR17'),
(108121136, 'ECLR17'),
(108121137, 'ECLR17'),
(108121138, 'ECLR17'),
(108121139, 'ECLR17'),
(108121140, 'ECLR17'),
(108121141, 'ECLR17'),
(108121142, 'ECLR17'),
(108121143, 'ECLR17'),
(108121004, 'ECLR17'),
(108121005, 'ECLR17'),
(108121006, 'ECLR17'),
(108121007, 'ECLR17'),
(108121008, 'ECLR17'),
(108121009, 'ECLR17'),
(108121010, 'ECLR17'),
(108121011, 'ECLR17'),
(108121012, 'ECLR17'),
(108121013, 'ECLR17'),
(108121014, 'ECLR17'),
(108121015, 'ECLR17'),
(108121016, 'ECLR17'),
(108121017, 'ECLR17'),
(108121018, 'ECLR17'),
(108121019, 'ECLR17'),
(108121020, 'ECLR17'),
(108121021, 'ECLR17'),
(108121022, 'ECLR17'),
(108121023, 'ECLR17'),
(108121024, 'ECLR17'),
(108121025, 'ECLR17'),
(108121026, 'ECLR17'),
(108121027, 'ECLR17'),
(108121028, 'ECLR17'),
(108121029, 'ECLR17'),
(108121030, 'ECLR17'),
(108121031, 'ECLR17'),
(108121032, 'ECLR17'),
(108121033, 'ECLR17'),
(108121034, 'ECLR17'),
(108121035, 'ECLR17'),
(108121036, 'ECLR17'),
(108121037, 'ECLR17'),
(108121038, 'ECLR17'),
(108121039, 'ECLR17'),
(108121040, 'ECLR17'),
(108121041, 'ECLR17'),
(108121042, 'ECLR17'),
(108121043, 'ECLR17'),
(108121044, 'ECLR17'),
(108121045, 'ECLR17'),
(108121046, 'ECLR17'),
(108121047, 'ECLR17'),
(108121048, 'ECLR17'),
(108121049, 'ECLR17'),
(108121050, 'ECLR17'),
(108121051, 'ECLR17'),
(108121052, 'ECLR17'),
(108121053, 'ECLR17'),
(108121054, 'ECLR17'),
(108121055, 'ECLR17'),
(108121056, 'ECLR17'),
(108121057, 'ECLR17'),
(108121058, 'ECLR17'),
(108121059, 'ECLR17'),
(108121060, 'ECLR17'),
(108121061, 'ECLR17'),
(108121062, 'ECLR17'),
(108121063, 'ECLR17'),
(108121064, 'ECLR17'),
(108121065, 'ECLR17'),
(108121066, 'ECLR17'),
(108121067, 'ECLR17'),
(108121068, 'ECLR17'),
(108121069, 'ECLR17'),
(108121070, 'ECLR17'),
(108121071, 'ECLR17'),
(108121072, 'ECLR17'),
(108121073, 'ECLR17'),
(108121074, 'ECLR17'),
(108121075, 'ECLR17'),
(108121076, 'ECLR17'),
(108121077, 'ECLR17'),
(108121078, 'ECLR17'),
(108121079, 'ECLR17'),
(108121080, 'ECLR17'),
(108121081, 'ECLR17'),
(108121082, 'ECLR17'),
(108121083, 'ECLR17'),
(108121084, 'ECLR17'),
(108121085, 'ECLR17'),
(108121086, 'ECLR17'),
(108121087, 'ECLR17'),
(108121088, 'ECLR17'),
(108121089, 'ECLR17'),
(108121090, 'ECLR17'),
(108121091, 'ECLR17'),
(108121092, 'ECLR17'),
(108121093, 'ECLR17'),
(108121094, 'ECLR17'),
(108121095, 'ECLR17'),
(108121096, 'ECLR17'),
(108121097, 'ECLR17'),
(108121098, 'ECLR17'),
(108121099, 'ECLR17'),
(108121100, 'ECLR17'),
(108121101, 'ECLR17'),
(108121102, 'ECLR17'),
(108121103, 'ECLR17'),
(108121104, 'ECLR17'),
(108121105, 'ECLR17'),
(108121106, 'ECLR17'),
(108121107, 'ECLR17'),
(108121108, 'ECLR17'),
(108121109, 'ECLR17'),
(108121110, 'ECLR17'),
(108121111, 'ECLR17'),
(108121112, 'ECLR17'),
(108121113, 'ECLR17'),
(108121114, 'ECLR17'),
(108121115, 'ECLR17'),
(108121116, 'ECLR17'),
(108121117, 'ECLR17'),
(108121118, 'ECLR17'),
(108121119, 'ECLR17'),
(108121120, 'ECLR17'),
(108121121, 'ECLR17'),
(108121122, 'ECLR17'),
(108121123, 'ECLR17'),
(108121144, 'ECLR17'),
(108121001, 'HSIR14'),
(108121002, 'HSIR14'),
(108121003, 'HSIR14'),
(108121124, 'HSIR14'),
(108121125, 'HSIR14'),
(108121126, 'HSIR14'),
(108121127, 'HSIR14'),
(108121128, 'HSIR14'),
(108121129, 'HSIR14'),
(108121130, 'HSIR14'),
(108121131, 'HSIR14'),
(108121132, 'HSIR14'),
(108121133, 'HSIR14'),
(108121134, 'HSIR14'),
(108121135, 'HSIR14'),
(108121136, 'HSIR14'),
(108121137, 'HSIR14'),
(108121138, 'HSIR14'),
(108121139, 'HSIR14'),
(108121140, 'HSIR14'),
(108121141, 'HSIR14'),
(108121142, 'HSIR14'),
(108121143, 'HSIR14'),
(108121004, 'HSIR14'),
(108121005, 'HSIR14'),
(108121006, 'HSIR14'),
(108121007, 'HSIR14'),
(108121008, 'HSIR14'),
(108121009, 'HSIR14'),
(108121010, 'HSIR14'),
(108121011, 'HSIR14'),
(108121012, 'HSIR14'),
(108121013, 'HSIR14'),
(108121014, 'HSIR14'),
(108121015, 'HSIR14'),
(108121016, 'HSIR14'),
(108121017, 'HSIR14'),
(108121018, 'HSIR14'),
(108121019, 'HSIR14'),
(108121020, 'HSIR14'),
(108121021, 'HSIR14'),
(108121022, 'HSIR14'),
(108121023, 'HSIR14'),
(108121024, 'HSIR14'),
(108121025, 'HSIR14'),
(108121026, 'HSIR14'),
(108121027, 'HSIR14'),
(108121028, 'HSIR14'),
(108121029, 'HSIR14'),
(108121030, 'HSIR14'),
(108121031, 'HSIR14'),
(108121032, 'HSIR14'),
(108121033, 'HSIR14'),
(108121034, 'HSIR14'),
(108121035, 'HSIR14'),
(108121036, 'HSIR14'),
(108121037, 'HSIR14'),
(108121038, 'HSIR14'),
(108121039, 'HSIR14'),
(108121040, 'HSIR14'),
(108121041, 'HSIR14'),
(108121042, 'HSIR14'),
(108121043, 'HSIR14'),
(108121044, 'HSIR14'),
(108121045, 'HSIR14'),
(108121046, 'HSIR14'),
(108121047, 'HSIR14'),
(108121048, 'HSIR14'),
(108121049, 'HSIR14'),
(108121050, 'HSIR14'),
(108121051, 'HSIR14'),
(108121052, 'HSIR14'),
(108121053, 'HSIR14'),
(108121054, 'HSIR14'),
(108121055, 'HSIR14'),
(108121056, 'HSIR14'),
(108121057, 'HSIR14'),
(108121058, 'HSIR14'),
(108121059, 'HSIR14'),
(108121060, 'HSIR14'),
(108121061, 'HSIR14'),
(108121062, 'HSIR14'),
(108121063, 'HSIR14'),
(108121064, 'HSIR14'),
(108121065, 'HSIR14'),
(108121066, 'HSIR14'),
(108121067, 'HSIR14'),
(108121068, 'HSIR14'),
(108121069, 'HSIR14'),
(108121070, 'HSIR14'),
(108121071, 'HSIR14'),
(108121072, 'HSIR14'),
(108121073, 'HSIR14'),
(108121074, 'HSIR14'),
(108121075, 'HSIR14'),
(108121076, 'HSIR14'),
(108121077, 'HSIR14'),
(108121078, 'HSIR14'),
(108121079, 'HSIR14'),
(108121080, 'HSIR14'),
(108121081, 'HSIR14'),
(108121082, 'HSIR14'),
(108121083, 'HSIR14'),
(108121084, 'HSIR14'),
(108121085, 'HSIR14'),
(108121086, 'HSIR14'),
(108121087, 'HSIR14'),
(108121088, 'HSIR14'),
(108121089, 'HSIR14'),
(108121090, 'HSIR14'),
(108121091, 'HSIR14'),
(108121092, 'HSIR14'),
(108121093, 'HSIR14'),
(108121094, 'HSIR14'),
(108121095, 'HSIR14'),
(108121096, 'HSIR14'),
(108121097, 'HSIR14'),
(108121098, 'HSIR14'),
(108121099, 'HSIR14'),
(108121100, 'HSIR14'),
(108121101, 'HSIR14'),
(108121102, 'HSIR14'),
(108121103, 'HSIR14'),
(108121104, 'HSIR14'),
(108121105, 'HSIR14'),
(108121106, 'HSIR14'),
(108121107, 'HSIR14'),
(108121108, 'HSIR14'),
(108121109, 'HSIR14'),
(108121110, 'HSIR14'),
(108121111, 'HSIR14'),
(108121112, 'HSIR14'),
(108121113, 'HSIR14'),
(108121114, 'HSIR14'),
(108121115, 'HSIR14'),
(108121116, 'HSIR14'),
(108121117, 'HSIR14'),
(108121118, 'HSIR14'),
(108121119, 'HSIR14'),
(108121120, 'HSIR14'),
(108121121, 'HSIR14'),
(108121122, 'HSIR14'),
(108121144, 'HSIR14'),
(108121123, 'HSIR14'),
(108121144, 'ECPC24'),
(108121144, 'ECPC23'),
(108121144, 'ECIR19'),
(108121139, 'ECIR19'),
(108121133, 'ECIR19');

INSERT INTO events (subject_code, event_type, event_date, event_time) 
VALUES 
('ECPC24', 'Class', '2024-03-21', '08:30:00'),
('HSIR14', 'Class', '2024-03-21', '09:20:00'),
('ECPC23', 'Class', '2024-03-21', '10:30:00'),
('ECPE24', 'Class', '2024-03-21', '11:20:00'),
('ECPC24', 'Class', '2024-03-28', '08:30:00'),
('HSIR14', 'Class', '2024-03-28', '09:20:00'),
('ECPC23', 'Class', '2024-03-28', '10:30:00'),
('ECPE24', 'Class', '2024-03-28', '11:20:00'),
('ECPC24', 'Class', '2024-04-04', '08:30:00'),
('HSIR14', 'Class', '2024-04-04', '09:20:00'),
('ECPC23', 'Class', '2024-04-04', '10:30:00'),
('ECPE24', 'Class', '2024-04-04', '11:20:00'),
('ECPC24', 'Class', '2024-04-11', '08:30:00'),
('HSIR14', 'Class', '2024-04-11', '09:20:00'),
('ECPC23', 'Class', '2024-04-11', '10:30:00'),
('ECPE24', 'Class', '2024-04-11', '11:20:00'),
('ECPC24', 'Class', '2024-04-18', '08:30:00'),
('HSIR14', 'Class', '2024-04-18', '09:20:00'),
('ECPC23', 'Class', '2024-04-18', '10:30:00'),
('ECPE24', 'Class', '2024-04-18', '11:20:00'),
('ECPC24', 'Class', '2024-04-25', '08:30:00'),
('HSIR14', 'Class', '2024-04-25', '09:20:00'),
('ECPC23', 'Class', '2024-04-25', '10:30:00'),
('ECPE24', 'Class', '2024-04-25', '11:20:00'),
('ECPE32', 'Class', '2024-03-22', '08:30:00'),
('ECPC22', 'Class', '2024-03-22', '09:20:00'),
('ECPC24', 'Class', '2024-03-22', '10:30:00'),
('ECPE24', 'Class', '2024-03-22', '11:20:00'),
('ECPE32', 'Class', '2024-03-29', '08:30:00'),
('ECPC22', 'Class', '2024-03-29', '09:20:00'),
('ECPC24', 'Class', '2024-03-29', '10:30:00'),
('ECPE24', 'Class', '2024-03-29', '11:20:00'),
('ECPE32', 'Class', '2024-04-05', '08:30:00'),
('ECPC22', 'Class', '2024-04-05', '09:20:00'),
('ECPC24', 'Class', '2024-04-05', '10:30:00'),
('ECPE24', 'Class', '2024-04-05', '11:20:00'),
('ECPE32', 'Class', '2024-04-12', '08:30:00'),
('ECPC22', 'Class', '2024-04-12', '09:20:00'),
('ECPC24', 'Class', '2024-04-12', '10:30:00'),
('ECPE24', 'Class', '2024-04-12', '11:20:00'),
('ECPE32', 'Class', '2024-04-19', '08:30:00'),
('ECPC22', 'Class', '2024-04-19', '09:20:00'),
('ECPC24', 'Class', '2024-04-19', '10:30:00'),
('ECPE24', 'Class', '2024-04-19', '11:20:00'),
('ECPE32', 'Class', '2024-04-26', '08:30:00'),
('ECPC22', 'Class', '2024-04-26', '09:20:00'),
('ECPC24', 'Class', '2024-04-26', '10:30:00'),
('ECPE24', 'Class', '2024-04-26', '11:20:00'),
('ECPC23', 'Class', '2024-03-26', '08:30:00'),
('HSIR14', 'Class', '2024-03-26', '09:20:00'),
('ECPE31', 'Class', '2024-03-26', '10:30:00'),
('ECPE32', 'Class', '2024-03-26', '11:20:00'),
('ECPC23', 'Class', '2024-04-02', '08:30:00'),
('HSIR14', 'Class', '2024-04-02', '09:20:00'),
('ECPE31', 'Class', '2024-04-02', '10:30:00'),
('ECPE32', 'Class', '2024-04-02', '11:20:00'),
('ECPC23', 'Class', '2024-04-09', '08:30:00'),
('HSIR14', 'Class', '2024-04-09', '09:20:00'),
('ECPE31', 'Class', '2024-04-09', '10:30:00'),
('ECPE32', 'Class', '2024-04-09', '11:20:00'),
('ECPC23', 'Class', '2024-04-16', '08:30:00'),
('HSIR14', 'Class', '2024-04-16', '09:20:00'),
('ECPE31', 'Class', '2024-04-16', '10:30:00'),
('ECPE32', 'Class', '2024-04-16', '11:20:00'),
('ECPC23', 'Class', '2024-04-23', '08:30:00'),
('HSIR14', 'Class', '2024-04-23', '09:20:00'),
('ECPE31', 'Class', '2024-04-23', '10:30:00'),
('ECPE32', 'Class', '2024-04-23', '11:20:00'),
('ECPE31', 'Class', '2024-03-27', '08:30:00'),
('HSIR14', 'Class', '2024-03-27', '09:20:00'),
('ECPC22', 'Class', '2024-03-27', '10:30:00'),
('ECPE24', 'Class', '2024-03-27', '11:20:00'),
('ECPC24', 'Class', '2024-03-27', '03:20:00'),
('ECPE31', 'Class', '2024-04-03', '08:30:00'),
('HSIR14', 'Class', '2024-04-03', '09:20:00'),
('ECPC22', 'Class', '2024-04-03', '10:30:00'),
('ECPE24', 'Class', '2024-04-03', '11:20:00'),
('ECPC24', 'Class', '2024-04-03', '03:20:00'),
('ECPE31', 'Class', '2024-04-10', '08:30:00'),
('HSIR14', 'Class', '2024-04-10', '09:20:00'),
('ECPC22', 'Class', '2024-04-10', '10:30:00'),
('ECPE24', 'Class', '2024-04-10', '11:20:00'),
('ECPC24', 'Class', '2024-04-10', '03:20:00'),
('ECPE31', 'Class', '2024-04-17', '08:30:00'),
('HSIR14', 'Class', '2024-04-17', '09:20:00'),
('ECPC22', 'Class', '2024-04-17', '10:30:00'),
('ECPE24', 'Class', '2024-04-17', '11:20:00'),
('ECPC24', 'Class', '2024-04-17', '03:20:00'),
('ECPE31', 'Class', '2024-04-24', '08:30:00'),
('HSIR14', 'Class', '2024-04-24', '09:20:00'),
('ECPC22', 'Class', '2024-04-24', '10:30:00'),
('ECPE24', 'Class', '2024-04-24', '11:20:00'),
('ECPC24', 'Class', '2024-04-24', '03:20:00'),
('ECPC22', 'Class', '2024-04-01', '08:30:00'),
('ECPE31', 'Class', '2024-04-01', '09:20:00'),
('ECPE32', 'Class', '2024-04-01', '10:30:00'),
('ECPC23', 'Class', '2024-04-01', '11:20:00'),
('ECPC22', 'Class', '2024-04-08', '08:30:00'),
('ECPE31', 'Class', '2024-04-08', '09:20:00'),
('ECPE32', 'Class', '2024-04-08', '10:30:00'),
('ECPC23', 'Class', '2024-04-08', '11:20:00'),
('ECPC22', 'Class', '2024-04-15', '08:30:00'),
('ECPE31', 'Class', '2024-04-15', '09:20:00'),
('ECPE32', 'Class', '2024-04-15', '10:30:00'),
('ECPC23', 'Class', '2024-04-15', '11:20:00'),
('ECPC22', 'Class', '2024-04-22', '08:30:00'),
('ECPE31', 'Class', '2024-04-22', '09:20:00'),
('ECPE32', 'Class', '2024-04-22', '10:30:00'),
('ECPC23', 'Class', '2024-04-22', '11:20:00'),
('ECPC22', 'Class', '2024-04-29', '08:30:00'),
('ECPE31', 'Class', '2024-04-29', '09:20:00'),
('ECPE32', 'Class', '2024-04-29', '10:30:00'),
('ECPC23', 'Class', '2024-04-29', '11:20:00');



  
      


  